Name,Price,Link
Nike Air Max Dn,154.99,https://www.nike.comhttps://www.nike.com/gb/t/air-max-dn-shoes-SBVfbL/DV3337-101
Nike Air Max Portal,99.99,https://www.nike.comhttps://www.nike.com/gb/t/air-max-portal-shoes-xK8QM0/HF3053-006
Nike Air Max Dn,154.99,https://www.nike.comhttps://www.nike.com/gb/t/air-max-dn-shoes-WWJ2Wd/FJ3145-004
Nike Air Max Dn,99.99,https://www.nike.comhttps://www.nike.com/gb/t/air-max-dn-older-shoes-NJwfDR/FB8987-002
Nike Air Max Plus TN SE,174.99,https://www.nike.comhttps://www.nike.com/gb/t/air-max-plus-tn-se-shoe-HQ3DlD/AQ9979-001
Nike Air Max Plus,109.95,https://www.nike.comhttps://www.nike.com/gb/t/air-max-plus-older-shoes-3N4JvJ/HM9616-001
Nike Air VaporMax 2023 Flyknit,209.99,https://www.nike.comhttps://www.nike.com/gb/t/air-vapormax-2023-flyknit-shoes-PMlg2D/DV1678-003
Nike Air Max 1 '86 OG G,76.49,https://www.nike.comhttps://www.nike.com/gb/t/air-max-1-86-og-g-golf-shoes-ThZ9FK/DV1403-010
Nike Air Max 270,74.99,https://www.nike.comhttps://www.nike.com/gb/t/air-max-270-younger-shoe-XdsM6C/AO2372-006
Nike Air Max Plus,174.99,https://www.nike.comhttps://www.nike.com/gb/t/air-max-plus-shoes-LJHP2l/HM0709-100
Nike Air Max Excee,71.49,https://www.nike.comhttps://www.nike.com/gb/t/air-max-excee-shoe-dSNqNT/CD4165-100
Nike Air Max 1,62.99,https://www.nike.comhttps://www.nike.com/gb/t/air-max-1-older-shoes-Hl9D9l/FZ3559-100
Nike Air Max Plus Drift,129.49,https://www.nike.comhttps://www.nike.com/gb/t/air-max-plus-drift-shoes-Jr9mjD/FV4081-200
Nike Air Max Plus,184.99,https://www.nike.comhttps://www.nike.com/gb/t/air-max-plus-shoes-5cwX2G/HF4293-001
Nike Air Max Plus,131.49,https://www.nike.comhttps://www.nike.com/gb/t/air-max-plus-shoes-7GPw9T/FV8480-002
Nike Air Max 90 LTR,69.99,https://www.nike.comhttps://www.nike.com/gb/t/air-max-90-ltr-older-shoes-Twq87M/CD6864-125
Nike Air Max 90 Next Nature,69.99,https://www.nike.comhttps://www.nike.com/gb/t/air-max-90-next-nature-older-shoes-WM9GzD/FN7785-001
Nike Air Max 90,115.99,https://www.nike.comhttps://www.nike.com/gb/t/air-max-90-shoes-dTDQC6/FN6958-001
Nike Air Max 95,174.99,https://www.nike.comhttps://www.nike.com/gb/t/air-max-95-shoes-mNMh5m/FZ4626-001
Nike Air Max Furyosa NRG,101.49,https://www.nike.comhttps://www.nike.com/gb/t/air-max-furyosa-nrg-shoes-gfdZrG/DC7350-100
Nike Air Max TW,94.49,https://www.nike.comhttps://www.nike.com/gb/t/air-max-tw-shoes-GrhKSf/DQ3984-001
Nike Air Max 90,64.99,https://www.nike.comhttps://www.nike.com/gb/t/air-max-90-older-shoe-4K3PNH/HF0029-001
Nike Air Max 1,94.49,https://www.nike.comhttps://www.nike.com/gb/t/air-max-1-shoes-SZ3jk7/FN6952-100
Nike Air Max 1 SC,94.49,https://www.nike.comhttps://www.nike.com/gb/t/air-max-1-sc-shoes-hpwwKc/DZ4549-101
